mean_depth,0.025,0.075,0.125,0.175,0.225,0.275,0.325,0.375,0.425,0.475,0.525,0.575,0.625,0.675,0.725,0.775,0.825,0.875,0.925,0.975
0.0,,,,,,,,,,,,,,,,,,,,
0.01,1.0,6.086286e-27,0.0,0.0,0.0,0.0,0.0,0.0,0.0,0.0,0.0,0.0,0.0,0.0,0.0,0.0,0.0,0.0,0.0,0.0
0.02,0.9999944,5.592995e-06,2.0522096999999998e-18,8.196548e-38,0.0,0.0,0.0,0.0,0.0,0.0,0.0,0.0,0.0,0.0,0.0,0.0,0.0,0.0,0.0,0.0
0.03,0.9849312,0.015068726,9.605856e-08,4.923277e-16,2.0287619e-27,6.722e-42,0.0,0.0,0.0,0.0,0.0,0.0,0.0,0.0,0.0,0.0,0.0,0.0,0.0,0.0
0.04,0.83989716,0.15980944,0.00029341012,9.784886e-09,5.927129e-15,6.5214027e-23,1.3033038e-32,4.8e-44,0.0,0.0,0.0,0.0,0.0,0.0,0.0,0.0,0.0,0.0,0.0,0.0
0.05,0.587731,0.40284815,0.009403976,1.6879367e-05,2.3296676e-09,2.472435e-14,2.0176643e-20,1.2660943e-27,6.109087e-36,3e-45,0.0,0.0,0.0,0.0,0.0,0.0,0.0,0.0,0.0,0.0
0.06,0.35333878,0.5929707,0.052895393,0.0007931091,2.0024547e-06,8.5134805e-10,6.0948954e-14,7.347506999999999e-19,1.4915178e-24,5.098372e-31,2.9346023e-38,0.0,0.0,0.0,0.0,0.0,0.0,0.0,0.0,0.0
0.07,0.21443202,0.65031177,0.12840992,0.0067500696,9.585085e-05,3.6767307e-07,3.8098316e-10,1.06641895e-13,8.063583e-18,1.6470484e-22,9.087885e-28,1.3545573e-33,5.45394e-40,0.0,0.0,0.0,0.0,0.0,0.0,0.0
0.08,0.13870595,0.62607545,0.20967981,0.024473561,0.0010486571,1.6495742e-05,9.526035e-08,2.0195494e-10,1.5718054e-13,4.4910213e-17,4.7107867e-21,1.8140270999999998e-25,2.564461e-30,1.3309152e-35,2.5358e-41,0.0,0.0,0.0,0.0,0.0
0.09,0.096171655,0.5635001,0.27936417,0.05572047,0.005033711,0.00020601631,3.8199246e-06,3.208838e-08,1.2211827e-10,2.1054911e-13,1.6446215000000002e-16,5.819939e-20,9.330625e-24,6.7770836e-28,2.2300512000000002e-32,3.3245025999999998e-37,2.245000000000001e-42,0.0,0.0,0.0
0.1,0.07051356,0.48661822,0.33079576,0.09614936,0.014690019,0.0011818747,5.0071863e-05,1.1170931e-06,1.312376e-08,8.118961e-11,2.6449405e-13,4.537375e-16,4.0988939999999998e-19,1.9498535000000002e-22,4.8843925000000005e-26,6.443063e-30,4.4755616e-34,1.6371028e-38,3.15e-43,0.0
0.11,0.053880475,0.4091069,0.36247072,0.13896796,0.031134656,0.004105654,0.0003186642,1.4557836e-05,3.91447e-07,6.195292e-09,5.7711613e-11,3.1642972e-13,1.0211839e-15,1.9397387e-18,2.1686785000000002e-21,1.4271175000000001e-24,5.527604300000001e-28,1.2601631e-31,1.6909438999999998e-35,1.3355e-39
0.12,0.04248135,0.33858907,0.37566233,0.17847499,0.05326165,0.010181072,0.0012466687,9.778839e-05,4.913627e-06,1.5815965e-07,3.2611287e-09,4.3074357e-11,3.6445873e-13,1.9754068e-15,6.858726e-18,1.5254887e-20,2.1734678e-23,1.9837004e-26,1.1597853999999999e-29,4.3436805e-33
0.13,0.034351774,0.27830666,0.37336364,0.21143854,0.07861923,0.019992022,0.0034783697,0.0004140817,3.372777e-05,1.8796653e-06,7.1674506e-08,1.8699937e-09,3.3381582e-11,4.0772277e-13,3.4073308e-15,1.9482959e-17,7.622313999999999e-20,2.0403752000000002e-22,3.7370123e-25,4.683066e-28
0.14,0.028374584,0.22862095,0.3593766,0.23670378,0.10460497,0.03326713,0.007627288,0.0012607224,0.0001502323,1.2906299e-05,7.993457e-07,3.5691276e-08,1.1489049e-09,2.6662483e-11,4.4607883e-13,5.3804325e-15,4.678615e-17,2.9329992e-19,1.3255652e-21,4.319016e-24
0.15,0.023865817,0.1884461,0.33754045,0.25429177,0.12916651,0.049091764,0.014030049,0.0030152272,0.00048729422,5.92206e-05,5.4120865e-06,3.7193493e-07,1.922116e-08,7.4696893e-10,2.18291e-11,4.797108e-13,7.927449e-15,9.851396000000001e-17,9.206030999999999e-19,6.4693029999999995e-21
0.16,0.020387312,0.15622622,0.31122246,0.26475516,0.15098661,0.066281065,0.022644198,0.0060217762,0.0012465013,0.00020084518,2.519014e-05,2.4592364e-06,1.8688327e-07,1.105455e-08,5.089935e-10,1.824248e-11,5.0892764e-13,1.105169e-14,1.8681076e-16,2.457964e-18
0.17,0.017649869,0.1304272,0.28307188,0.2688839,0.16938627,0.083692335,0.033100408,0.010485828,0.002660701,0.000540771,8.803486e-05,1.1479419e-05,1.1989723e-06,1.0030495e-07,6.7213968e-09,3.6076192e-10,1.5509786e-11,5.3409057e-13,1.4731534e-14,3.2546553e-16
0.18,0.015457695,0.10972186,0.25497875,0.26759747,0.1841345,0.10040137,0.044835076,0.016425543,0.004936924,0.0012173856,0.00024628322,4.087676e-05,5.566126e-06,6.218199e-07,5.6991635e-08,4.285412e-09,2.6436808e-10,1.3380133e-11,5.5558027e-13,1.8926406e-14
0.19,0.013674998,0.09302785,0.228163,0.26188654,0.19527079,0.115757786,0.0572278,0.023684606,0.00820674,0.0023807893,0.00057825184,0.00011758689,2.0019192e-05,2.853514e-06,3.40533e-07,3.402391e-08,2.8461318e-09,1.993295e-10,1.168783e-11,5.7377556e-13
0.2,0.012205445,0.07948779,0.20332006,0.25275317,0.20298229,0.12936443,0.06970282,0.0319832,0.012501433,0.004162613,0.0011807027,0.0002852879,5.872115e-05,1.029613e-05,1.5378779e-06,1.956762e-07,2.120911e-08,1.958282e-09,1.540268e-10,1.0320142e-11
0.21,0.010979285,0.06843223,0.18077083,0.24114877,0.20753562,0.14102267,0.08178539,0.04097978,0.017754054,0.0066507007,0.0021541666,0.0006032998,0.00014609289,3.0589123e-05,5.5379232e-06,8.6689977e-07,1.1733642e-07,1.37321585e-08,1.3895904e-09,1.215841e-10
0.22,0.009945075,0.059341643,0.16058888,0.2279233,0.20924485,0.15067226,0.09312082,0.05032493,0.023820257,0.009875576,0.0035861759,0.0011406539,0.00031778202,7.754574e-05,1.6574473e-05,3.102949e-06,5.088183e-07,7.308091e-08,9.1938706e-09,1.0130851e-09
0.23,0.009064237,0.05181342,0.14269671,0.21379425,0.2084552,0.15834107,0.10346909,0.05969924,0.03050723,0.013809674,0.005537485,0.0019669353,0.0006188937,0.00017250056,4.2590564e-05,9.315039e-06,1.8046977e-06,3.0972245e-07,4.7085734e-08,6.340952e-09
0.24,0.0083074095,0.045534953,0.12693346,0.19933617,0.20553058,0.16410993,0.11268648,0.06883454,0.03760215,0.018376278,0.0080342805,0.003142542,0.0010996637,0.00034425742,9.6416516e-05,2.4158178e-05,5.415289e-06,1.0859848e-06,1.9483659e-07,3.1272453e-08
0.25,0.007651937,0.04026266,0.1130995,0.18498626,0.20084013,0.16809128,0.12070302,0.07752173,0.04489525,0.023463644,0.011066894,0.004710769,0.0018096458,0.00062738056,0.00019629275,5.5425957e-05,1.4124005e-05,3.2481662e-06,6.7414663e-07,1.2627174e-07
0.26,0.0070801196,0.035805777,0.10098436,0.17105983,0.19474408,0.17041779,0.12750117,0.08560926,0.05219577,0.028940294,0.014593748,0.0066931187,0.002791824,0.0010591205,0.0003654269,0.00011467097,3.2726857e-05,8.494795e-06,2.0053924e-06,4.3056986e-07
0.27,0.006577971,0.03201412,0.09038306,0.15777038,0.18758085,0.17123623,0.1330985,0.092996195,0.05934104,0.034668732,0.01854852,0.009088114,0.004077853,0.0016756478,0.00063056115,0.00021730263,6.857978e-05,1.9820769e-05,5.24612e-06,1.2715963e-06
0.28,0.006134325,0.028768707,0.08110499,0.1452504,0.17965713,0.17070356,0.13753527,0.09962293,0.06620011,0.040516168,0.022848567,0.011873063,0.005685127,0.0025083676,0.001019802,0.00038204467,0.00013188217,4.1949967e-05,1.2295632e-05,3.320807e-06
0.29,0.005740181,0.02597471,0.072977856,0.13357042,0.17124155,0.16898324,0.14086641,0.105461515,0.07267335,0.046361934,0.027403086,0.015007814,0.0076158238,0.003580946,0.0015601277,0.000629802,0.00023557509,8.164624e-05,2.6219506e-05,7.801791e-06
0.3,0.005388221,0.023556087,0.065848894,0.12275557,0.16256195,0.16624121,0.1431567,0.110507175,0.078689635,0.052101802,0.032120105,0.018439528,0.009857687,0.004907416,0.00227501,0.000982124,0.00039482256,0.00014780535,5.1526535e-05,1.6727241e-05
0.31,0.0050724465,0.021451484,0.059584342,0.11279886,0.1538058,0.16264167,0.14447822,0.11477132,0.08420215,0.057649832,0.03691187,0.02210759,0.012386062,0.0064914557,0.0031824964,0.0014595223,0.0006261387,0.0002512739,9.432811e-05,3.3124696e-05
0.32,0.0047879084,0.019611107,0.05406807,0.10367169,0.14512272,0.15834296,0.14490855,0.11827658,0.08918386,0.06293836,0.041698597,0.025948144,0.01516666,0.008326714,0.004293955,0.0020798952,0.00094629277,0.00040439868,0.00016232823,6.120382e-05
0.33,0.0045304927,0.017994303,0.049199846,0.09533177,0.13662823,0.15349412,0.14452958,0.12105327,0.09362313,0.06791678,0.04641072,0.02989786,0.018158592,0.010397949,0.00561354,0.0028572588,0.0013711532,0.00062036316,0.00026462425,0.00010642334
0.34,0.004296763,0.016567709,0.044893466,0.087728985,0.12840833,0.14823207,0.14342615,0.12313728,0.097519934,0.07254956,0.050989922,0.033896837,0.021317309,0.012682682,0.007138316,0.0038009002,0.0019146224,0.00091240107,0.00041133387,0.00017543211
0.35,0.00408383,0.015303787,0.041074935,0.08080954,0.12052415,0.14267993,0.14168455,0.124568686,0.10088279,0.07681396,0.05538924,0.037890643,0.024597209,0.0151531035,0.008858912,0.004914986,0.00258778,0.001292991,0.0006130936,0.00027588065
0.36,0.0038892545,0.014179691,0.037680816,0.07451887,0.113016374,0.13694601,0.1393909,0.12539092,0.1037264,0.08069775,0.059572496,0.04183157,0.027953789,0.017778005,0.010760537,0.0061985995,0.0033983018,0.0017731237,0.00088049093,0.00041612086
0.37,0.003710966,0.013176372,0.034656703,0.06880354,0.10590922,0.13112362,0.13662958,0.12565008,0.106069975,0.08419701,0.063513294,0.04567924,0.03134529,0.020524576,0.012824204,0.0076461234,0.004350177,0.0023617137,0.0012234955,0.00060482835
0.38,0.0035471988,0.012277866,0.031955916,0.0636125,0.09921398,0.12529157,0.13348173,0.12539437,0.10793605,0.08731421,0.06719381,0.049400672,0.034733843,0.023359954,0.015028009,0.009247881,0.0054437043,0.0030651959,0.001650948,0.0008505894
0.39,0.0033964394,0.011470725,0.029538348,0.05889773,0.09293201,0.11951494,0.1300239,0.124673374,0.1093497,0.09005671,0.07060344,0.052970003,0.0380862,0.026252488,0.01734837,0.0109909335,0.006675725,0.003887319,0.0021701504,0.0011614952
0.4,0.0032573843,0.0107435705,0.02736948,0.05461468,0.08705717,0.1138463,0.12632707,0.1235373,0.110337935,0.09243541,0.07373749,0.0563679,0.041374054,0.029172687,0.019761128,0.012859931,0.008040029,0.004829127,0.0027865814,0.001544781
0.41,0.0031289055,0.010086724,0.025419543,0.050722342,0.081577875,0.10832694,0.122455865,0.12203622,0.110929266,0.09446384,0.07659598,0.059580833,0.044574074,0.032093886,0.022242492,0.014837967,0.009527877,0.0058890977,0.0035037433,0.0020065347
0.42,0.0030100206,0.009491915,0.023662796,0.047183216,0.076478675,0.102988265,0.11846822,0.120219275,0.111153305,0.0961574,0.07918255,0.06260027,0.047667712,0.034992635,0.024769774,0.016907357,0.011128577,0.0070634047,0.0043231375,0.0025514935
0.43,0.00289987,0.008952042,0.022076938,0.04396318,0.07174157,0.097853154,0.11441509,0.118133955,0.11104039,0.09753285,0.08150357,0.06542182,0.05064083,0.037848867,0.027321944,0.019050322,0.012830067,0.008346259,0.0052443435,0.0031829276
0.44,0.0027976977,0.008460982,0.020642592,0.041031305,0.067347,0.09293723,0.11034063,0.11582542,0.11062119,0.0986079,0.08356736,0.06804444,0.053483233,0.040645897,0.02988,0.021249557,0.014619463,0.009730298,0.006265188,0.0039026123
0.45,0.002702834,0.00801343,0.019342875,0.03835962,0.06327459,0.08825007,0.10628242,0.11333602,0.10992631,0.09940088,0.0853836,0.07046972,0.05618814,0.04337027,0.032427184,0.02348866,0.016483553,0.011206984,0.0073819696,0.0047108727
0.46,0.0026146842,0.0076047713,0.018163046,0.035922877,0.059503768,0.08379626,0.102271825,0.11070489,0.10898595,0.09993053,0.08696292,0.07270123,0.058751646,0.046011496,0.034949046,0.025752451,0.018409213,0.012766989,0.008589717,0.005606686
0.47,0.0025327157,0.0072309743,0.017090192,0.03369833,0.056014184,0.079576395,0.09833453,0.10796768,0.107829496,0.10021581,0.08831654,0.07474395,0.0611722,0.04856178,0.03743343,0.02802719,0.020383755,0.014400551,0.009882463,0.006587833
0.48,0.0024564506,0.006888505,0.016112985,0.031665493,0.05278602,0.07558789,0.09449109,0.10515646,0.10648525,0.100275666,0.089455985,0.07660389,0.06345008,0.051015653,0.039870374,0.030300677,0.022395175,0.016097778,0.01125352,0.007651066
0.49,0.0023854575,0.006574254,0.015221454,0.02980594,0.04980021,0.07182569,0.090757474,0.102299675,0.10498015,0.10012891,0.090393,0.07828768,0.06558702,0.053369608,0.042251907,0.03256229,0.024432348,0.017848913,0.012695722,0.008792301
0.5,0.0023193457,0.0062854765,0.014406812,0.028103095,0.04703861,0.06828291,0.087145664,0.09942226,0.10333954,0.09979405,0.09113934,0.07980236,0.06758576,0.055621784,0.0445719,0.034802966,0.02648514,0.019644532,0.014201661,0.010006803
0.51,0.0022577601,0.006019742,0.01366129,0.02654206,0.044484075,0.06495132,0.08366419,0.09654575,0.10158702,0.099289164,0.09170673,0.08115514,0.06944979,0.057771627,0.046825796,0.03701511,0.028544476,0.021475714,0.015763877,0.011289371
0.52,0.0022003774,0.0057748933,0.01297801,0.025109444,0.04212049,0.0618218,0.08031864,0.0936885,0.09974437,0.098631725,0.09210679,0.08235334,0.07118307,0.059819598,0.049010415,0.03919251,0.03060236,0.023334146,0.017375026,0.012634499
0.53,0.0021469013,0.005549009,0.012350873,0.023793206,0.03993282,0.05888462,0.077112176,0.09086597,0.097831465,0.09783855,0.09235095,0.083404206,0.07278985,0.06176693,0.051123716,0.041330174,0.032651845,0.025212195,0.01902801,0.014036527
0.54,0.0020970611,0.0053403755,0.011774459,0.022582522,0.037907075,0.05612978,0.074045904,0.088090904,0.09586628,0.09692568,0.09245046,0.08431495,0.07427451,0.0636154,0.0531646,0.043424234,0.034686998,0.027102958,0.020716073,0.015489771
0.55,0.0020506086,0.0051474604,0.011243941,0.021467658,0.036030293,0.053547185,0.071119286,0.08537368,0.09386493,0.095908314,0.092416294,0.08509267,0.07564149,0.06536715,0.055132702,0.045471765,0.03670282,0.029000256,0.02243288,0.016988624
0.56,0.0020073147,0.0049688905,0.010755019,0.020439858,0.034290496,0.051126834,0.068330474,0.08272251,0.09184174,0.09480072,0.092259146,0.085744336,0.07689519,0.067024566,0.05702823,0.04747066,0.038695168,0.030898642,0.024172563,0.01852765
0.57,0.00196697,0.004803433,0.010303851,0.019491244,0.03267665,0.048858933,0.06567657,0.08014376,0.08980932,0.09361624,0.091989376,0.086276814,0.07803995,0.06859016,0.058851827,0.04941948,0.040660687,0.032793354,0.025929743,0.020101642
0.58,0.0019293803,0.00464998,0.0098870015,0.018614722,0.031178597,0.046734,0.06315391,0.077642165,0.08777866,0.09236728,0.09161699,0.08669681,0.07908002,0.07006648,0.06060443,0.051317357,0.042596687,0.034680292,0.027699554,0.021705681
0.59,0.0018943677,0.004507533,0.009501394,0.017803904,0.029787023,0.044742927,0.060758207,0.075221054,0.08575927,0.09106525,0.09115162,0.087010935,0.080019586,0.07145608,0.062287185,0.05316385,0.044501077,0.036555957,0.02947762,0.023335164
0.6,0.0018617676,0.004375191,0.00914427,0.017053029,0.028493373,0.04287701,0.058484804,0.07288256,0.083759286,0.08972064,0.090602465,0.08722564,0.080862716,0.07276148,0.06390136,0.054958854,0.046372265,0.038417406,0.031260062,0.02498583
0.61,0.0018314279,0.0042521423,0.008813152,0.016356904,0.027289817,0.04112801,0.056328747,0.07062782,0.0817856,0.08834297,0.08997831,0.08734724,0.08161343,0.073985144,0.06544828,0.05670253,0.048209075,0.04026219,0.03304345,0.026653763
0.62,0.0018032087,0.00413765,0.008505813,0.015710844,0.026169185,0.039488126,0.05428493,0.068457134,0.07984396,0.086940914,0.08928748,0.08738193,0.08227567,0.075129464,0.0669293,0.05839521,0.05001068,0.042088285,0.034824807,0.028335406
0.63,0.0017769806,0.004031049,0.008220246,0.015110615,0.02512492,0.037950024,0.05234819,0.066370085,0.07793914,0.08552225,0.088537864,0.08733574,0.08285332,0.07619679,0.06834576,0.06003736,0.05177653,0.04389406,0.036601536,0.030027539
0.64,0.0017526237,0.003931735,0.007954646,0.01455239,0.024151023,0.03650683,0.050513357,0.06436572,0.07607496,0.08409397,0.08773687,0.08721454,0.083350234,0.077189416,0.06969899,0.06162951,0.053506285,0.045678202,0.03837142,0.03172728
0.65,0.0017300278,0.0038391596,0.007707379,0.014032709,0.023242012,0.03515211,0.048775353,0.062442627,0.07425449,0.08266229,0.08689142,0.08702402,0.0837702,0.078109615,0.070990264,0.06317224,0.055199772,0.047439672,0.040132567,0.033432063
0.66,0.0017090907,0.0037528246,0.007476971,0.013548438,0.022392873,0.033879854,0.047129188,0.06059903,0.07248009,0.08123272,0.08600802,0.08676971,0.084117,0.07895961,0.07222085,0.064666145,0.05685694,0.04917766,0.041883375,0.035139617
0.67,0.0016897179,0.0036722766,0.007262089,0.01309674,0.02159902,0.032684464,0.04557003,0.05883288,0.070753515,0.07981008,0.08509268,0.08645694,0.08439436,0.079741634,0.07339195,0.06611181,0.05847782,0.050891545,0.043622494,0.036847945
0.68,0.001671822,0.0035971026,0.007061523,0.012675036,0.020856269,0.03156073,0.04409322,0.057141934,0.06907598,0.07839864,0.08415099,0.08609085,0.08460597,0.0804579,0.07450478,0.06750983,0.060062487,0.052580833,0.0453488,0.03855531
0.69,0.0016553225,0.0035269263,0.0068741776,0.01228099,0.020160783,0.030503815,0.04269427,0.055523787,0.06744826,0.07700205,0.083188094,0.08567635,0.08475549,0.08111065,0.075560525,0.068860754,0.061611064,0.054245163,0.047061354,0.040260185
0.7,0.0016401445,0.003461404,0.0066990578,0.011912478,0.019509057,0.029509218,0.041368898,0.053975943,0.06587074,0.07562348,0.08220871,0.08521817,0.08484652,0.081702106,0.07656037,0.07016514,0.06312368,0.05588425,0.04875937,0.2229411
0.71,0.001626219,0.0034002215,0.0065352586,0.011567567,0.018897878,0.028572774,0.040113017,0.052495852,0.06434346,0.07426564,0.081217185,0.08472078,0.08488261,0.08223454,0.077505514,0.07142353,0.06460048,0.057497866,0.0504422,0.23797293
0.72,0.0016134821,0.003343092,0.006381957,0.011244498,0.01832431,0.02769061,0.038922746,0.05108093,0.062866196,0.072930805,0.08021744,0.084188476,0.08486726,0.08271022,0.07839717,0.072636455,0.066041596,0.059085842,0.05210929,0.25352952
0.73,0.0016018746,0.0032897526,0.006238402,0.0109416675,0.017785657,0.026859142,0.037794407,0.049728602,0.0614385,0.07162088,0.07921309,0.08362528,0.08480389,0.08313143,0.07923657,0.07380444,0.067447156,0.060648013,0.053760175,0.26961383
0.74,0.0015913417,0.0032399623,0.0061039096,0.010657611,0.017279454,0.026075045,0.036724515,0.048436314,0.060059715,0.070337445,0.07820735,0.08303503,0.08469583,0.08350048,0.08002497,0.07492802,0.06881729,0.062184248,0.055394445,0.28622913
0.75,0.0015818328,0.0031935,0.0059778546,0.010390996,0.01680343,0.025335237,0.035709783,0.047201544,0.058729023,0.069081746,0.07720315,0.0824213,0.08454635,0.08381969,0.0807637,0.07600776,0.070152104,0.06369442,0.057011746,0.3033792
0.76,0.0015733007,0.0031501632,0.0058596656,0.010140597,0.016355509,0.024636865,0.034747113,0.04602184,0.057445496,0.06785479,0.0762031,0.08178749,0.0843586,0.084091365,0.08145406,0.07704423,0.071451746,0.06517838,0.058611747,0.32106814
0.77,0.0015657019,0.003109765,0.0057488196,0.009905299,0.01593378,0.02397728,0.033833575,0.044894807,0.056208096,0.06665733,0.07520955,0.081136726,0.08413565,0.084317826,0.082097456,0.07803804,0.07271632,0.066636026,0.060194146,0.33930042
0.78,0.0015589963,0.0030721342,0.005644837,0.0096840765,0.015536482,0.023354027,0.03296642,0.043818112,0.055015698,0.0654899,0.074224554,0.08047198,0.083880454,0.084501386,0.08269528,0.07898981,0.07394597,0.06806721,0.06175865,0.35808092
0.79,0.0015531462,0.0030371125,0.0055472776,0.00947599,0.015162002,0.022764834,0.032143056,0.042789515,0.053867135,0.06435287,0.07324996,0.07979596,0.08359584,0.08464433,0.083248995,0.07990023,0.07514084,0.06947181,0.06330497,0.37741488
0.8,0.001548117,0.0030045542,0.0054557375,0.009280177,0.0148088485,0.022207586,0.03136106,0.041806843,0.052761182,0.06324644,0.072287366,0.0791112,0.08328455,0.084748924,0.083760075,0.08076999,0.076301105,0.07084969,0.06483283,0.39730784
